Section,Duration
Initialization,2.2665988000000006
Cone_loading_initial,0.08748170000000144
State_Update,0.0021266000000004226
State_Update,0.0036930999999995606
State_Update,0.004551799999997996
State_Update,0.2942259999999983
State_Update,0.004620700000000255
State_Update,0.0033890999999997007
State_Update,0.2149082
State_Update,0.002708800000000622
State_Update,0.0025610000000000355
State_Update,0.06308770000000052
State_Update,0.0037053999999976384
State_Update,0.0021233999999985542
State_Update,0.032863100000000145
State_Update,0.08995879999999801
State_Update,0.0020473999999985892
State_Update,0.0032019999999981508
State_Update,0.002221300000002202
State_Update,0.08832410000000124
State_Update,0.0037668000000010693
State_Update,0.003986900000001015
State_Update,0.0667673000000022
State_Update,0.0024968000000029633
State_Update,0.0030067999999978667
State_Update,0.07808899999999852
State_Update,0.002673999999998955
State_Update,0.002620400000004963
State_Update,0.09431870000000231
State_Update,0.003860000000003083
State_Update,0.0023374000000018214
State_Update,0.10149679999999961
State_Update,0.002280800000001193
State_Update,0.002378199999995445
State_Update,0.10453090000000032
State_Update,0.0032083000000042716
State_Update,0.002802299999999036
State_Update,0.0863751999999991
State_Update,0.002961700000000178
State_Update,0.0027144999999961783
State_Update,0.09187790000000007
State_Update,0.0028471999999979403
State_Update,0.0025102000000032376
State_Update,0.08822409999999792
State_Update,0.0034047999999984313
State_Update,0.0023715999999964765
State_Update,0.09501799999999605
State_Update,0.002341900000004671
State_Update,0.003818500000001279
State_Update,0.097224599999997
State_Update,0.0030579999999957863
State_Update,0.003786599999997975
State_Update,0.09864189999999695
State_Update,0.002680699999999092
State_Update,0.0030736000000004537
State_Update,0.06273120000000176
State_Update,0.003514299999999082
State_Update,0.0025628999999938173
State_Update,0.11312519999999893
State_Update,0.003197199999995348
State_Update,0.003444999999999254
State_Update,0.08173550000000063
State_Update,0.0016999000000055275
State_Update,0.003161199999993869
State_Update,0.06964529999999769
State_Update,0.003485399999995309
State_Update,0.002175499999999886
State_Update,0.002926099999996268
State_Update,0.1098098999999948
State_Update,0.0013677000000029693
State_Update,0.002109399999994821
State_Update,0.08923589999999848
State_Update,0.0020117000000041685
State_Update,0.002521600000001456
State_Update,0.08198550000000182
State_Update,0.002110999999999308
State_Update,0.0025313000000011243
State_Update,0.002658099999997887
State_Update,0.10032209999999964
State_Update,0.0026689000000033047
State_Update,0.002838400000001684
State_Update,0.09181610000000262
State_Update,0.0028055000000009045
State_Update,0.003245700000000795
State_Update,0.06464409999999532
State_Update,0.004143200000001457
State_Update,0.003421900000006417
State_Update,0.09636710000000903
State_Update,0.0031263000000052443
State_Update,0.0018811999999996942
State_Update,0.09240929999999992
State_Update,0.004057000000003086
State_Update,0.0022395999999957894
State_Update,0.07286639999999522
State_Update,0.002323900000007484
State_Update,0.003708399999993617
State_Update,0.10426459999999338
State_Update,0.0028019000000085725
State_Update,0.0030490000000042983
State_Update,0.0937059999999974
State_Update,0.005414000000001806
State_Update,0.003368399999999383
State_Update,0.06352269999999294
State_Update,0.004341099999990661
State_Update,0.0031471000000067306
State_Update,0.09125840000000096
State_Update,0.004389299999999707
State_Update,0.0036982000000023163
State_Update,0.08338210000000856
State_Update,0.002165500000003817
State_Update,0.0023932000000002063
State_Update,0.07141040000000487
State_Update,0.002254900000011162
State_Update,0.0018456999999898471
State_Update,0.0031759000000022297
State_Update,0.060768199999998274
State_Update,0.0033937000000037187
State_Update,0.0029595999999969536
State_Update,0.09647300000000314
State_Update,0.0027022999999957165
State_Update,0.0032642999999978883
State_Update,0.0023053999999973485
State_Update,0.0938992999999897
State_Update,0.0028413000000000466
State_Update,0.0037532999999996264
State_Update,0.12132379999999898
State_Update,0.0038964000000021315
State_Update,0.0024566000000021404
State_Update,0.09810330000000533
State_Update,0.002355100000002608
State_Update,0.001942700000000741
State_Update,0.08806800000000692
State_Update,0.0039168999999930065
State_Update,0.0035371000000026243
State_Update,0.10103990000000351
State_Update,0.0025945000000007212
State_Update,0.0032323999999874786
State_Update,0.07978630000000919
State_Update,0.0021649999999908687
State_Update,0.0025995999999963715
State_Update,0.003591200000002459
State_Update,0.15141780000000438
State_Update,0.0021326999999899954
State_Update,0.0022408000000098127
State_Update,0.08563169999999332
State_Update,0.0025960999999909973
State_Update,0.002879700000008256
State_Update,0.07393749999999955
State_Update,0.0018534999999957336
State_Update,0.003533499999988976
State_Update,0.11250069999999823
State_Update,0.0036096999999983836
State_Update,0.0022625000000005002
State_Update,0.08048130000000242
State_Update,0.002253099999990127
State_Update,0.0027270000000072514
State_Update,0.10892240000001152
State_Update,0.0034696999999965783
State_Update,0.0037723000000084994
State_Update,0.1701465000000013
State_Update,0.0018230000000016844
State_Update,0.003341300000002434
State_Update,0.08915539999999567
State_Update,0.002904999999998381
State_Update,0.0031098000000042703
State_Update,0.0019347000000067283
State_Update,0.10841269999998815
State_Update,0.002219699999997715
State_Update,0.004321500000003198
State_Update,0.0942545999999993
State_Update,0.002735700000002339
State_Update,0.0033690000000063947
State_Update,0.07639050000000225
State_Update,0.0016686999999961927
State_Update,0.002933600000005754
State_Update,0.10009990000000357
State_Update,0.0020159999999975753
State_Update,0.0026227000000034195
State_Update,0.08913750000000675
State_Update,0.003035600000004024
State_Update,0.0031642000000005055
State_Update,0.0021983999999974912
State_Update,0.07549339999999916
State_Update,0.004806700000003161
State_Update,0.0017940999999979113
State_Update,0.0028041999999999234
State_Update,0.09433440000000815
State_Update,0.0028526999999911595
State_Update,0.002403499999999781
State_Update,0.09583010000000058
State_Update,0.00385569999998836
State_Update,0.001609799999997108
State_Update,0.09252780000001337
State_Update,0.002003600000008987
State_Update,0.0015315999999927499
State_Update,0.004171600000006492
State_Update,0.09229030000000193
State_Update,0.004485299999998915
State_Update,0.001843199999996159
State_Update,0.08135369999999398
State_Update,0.0033707000000049447
State_Update,0.0030542000000082226
control_loop,195.7612644
Initialization,2.0328560000000007
Cone_loading_initial,0.07800340000000006
State_Update,0.002876900000000404
State_Update,0.0031176999999971144
State_Update,0.1644945
State_Update,0.0036701000000007866
State_Update,0.002888800000000913
State_Update,0.2910164999999978
State_Update,0.004677600000000837
State_Update,0.0033218999999995447
State_Update,0.08062029999999965
State_Update,0.0025295999999990215
State_Update,0.002492300000000114
State_Update,0.4261341999999999
State_Update,0.0033408000000001437
State_Update,0.003405499999999506
State_Update,0.07683459999999798
State_Update,0.002334199999999953
State_Update,0.002708800000000622
State_Update,0.12084879999999742
State_Update,0.0033321000000015033
State_Update,0.0033993000000016593
State_Update,0.09746409999999983
State_Update,0.0040717999999984045
State_Update,0.00225719999999896
State_Update,0.12083519999999837
State_Update,0.0029170000000000584
State_Update,0.0038593999999960715
State_Update,0.1329267999999999
State_Update,0.0016180999999946266
State_Update,0.002468999999997834
State_Update,0.06469229999999726
State_Update,0.0020303000000012617
State_Update,0.0015020000000021128
State_Update,0.08386200000000343
State_Update,0.0034559999999999036
State_Update,0.002227000000004864
State_Update,0.002986300000003439
State_Update,0.09617190000000164
State_Update,0.002858000000003358
State_Update,0.004517199999995114
State_Update,0.13038910000000214
State_Update,0.0035134000000027754
State_Update,0.0019524000000004094
State_Update,0.08365460000000269
State_Update,0.002710199999995666
State_Update,0.0023877999999939448
State_Update,0.07751239999999626
State_Update,0.002189999999998804
State_Update,0.002341200000003596
State_Update,0.09894329999999485
State_Update,0.003876499999996952
State_Update,0.0033796999999964328
State_Update,0.10827929999999952
State_Update,0.0034958000000031575
State_Update,0.002766699999995126
State_Update,0.10976620000000281
State_Update,0.00395229999999458
State_Update,0.0019891000000029635
State_Update,0.11144150000000508
State_Update,0.004251500000002295
State_Update,0.00212009999999907
State_Update,0.07992570000000399
State_Update,0.002727399999997715
State_Update,0.002993400000001145
State_Update,0.09736200000000395
State_Update,0.003089799999997922
State_Update,0.0036665000000013492
State_Update,0.06458870000000161
State_Update,0.0029154999999931874
State_Update,0.002853000000001771
State_Update,0.08945510000000212
State_Update,0.0028209000000032347
State_Update,0.00335150000000084
State_Update,0.14799090000000348
State_Update,0.0028480000000001837
State_Update,0.0022444000000021447
State_Update,0.10018490000000213
State_Update,0.0036559999999994375
State_Update,0.0041071999999999775
State_Update,0.0037663000000023317
State_Update,0.1070842999999968
State_Update,0.0018682999999981575
State_Update,0.0018849000000003002
State_Update,0.08272009999998886
State_Update,0.0029119999999949187
State_Update,0.0035035000000078753
State_Update,0.10506759999999815
State_Update,0.0024048000000078673
State_Update,0.0035512000000039734
State_Update,0.10456310000000713
State_Update,0.002191600000003291
State_Update,0.0023407999999989215
State_Update,0.06479910000000189
State_Update,0.0032694999999876018
State_Update,0.003196599999995442
State_Update,0.09671199999999658
State_Update,0.00265690000000518
State_Update,0.0031450999999975693
State_Update,0.07319860000001199
State_Update,0.002263200000001575
State_Update,0.0026195000000086566
State_Update,0.05812989999999729
State_Update,0.0032372000000009393
State_Update,0.002861400000000458
State_Update,0.0024714999999986276
State_Update,0.1072714000000019
State_Update,0.0034650000000056025
State_Update,0.002414299999998093
State_Update,0.11965840000000583
State_Update,0.003037100000000237
State_Update,0.002620700000008469
State_Update,0.10288629999999443
State_Update,0.0036183999999934713
State_Update,0.004195300000006341
State_Update,0.08662900000000207
State_Update,0.002232499999990978
State_Update,0.0027614999999912015
State_Update,0.07732690000000275
State_Update,0.0032424000000048636
State_Update,0.003635399999993183
State_Update,0.11464780000000019
State_Update,0.003361099999992234
State_Update,0.002783500000006711
State_Update,0.10866330000000346
State_Update,0.0045800999999983105
State_Update,0.0027852999999993244
State_Update,0.09542820000000063
State_Update,0.0029078000000026805
State_Update,0.011039600000003702
State_Update,0.04672220000000493
State_Update,14.570266099999998
Initialization,2.5635310999999987
Cone_loading_initial,0.09769610000000029
State_Update,0.003332600000000241
State_Update,0.003005300000001654
State_Update,0.0025756000000001222
State_Update,0.10596980000000045
State_Update,0.0035826999999990505
State_Update,0.002192699999998382
State_Update,0.002942499999999626
State_Update,0.4573231
State_Update,0.0024674000000004526
State_Update,0.25566590000000033
State_Update,0.011784299999998638
State_Update,0.0016831999999986635
State_Update,0.07633140000000083
State_Update,0.0028940000000012844
State_Update,0.0017630000000004031
State_Update,0.002525699999999631
State_Update,0.003054200000001117
State_Update,0.1683421999999979
State_Update,0.0035304999999965503
State_Update,0.00314300000000145
State_Update,0.004095499999998253
State_Update,0.09127569999999707
State_Update,0.0025369000000026176
State_Update,0.004038799999996456
State_Update,0.09115459999999587
State_Update,0.004192999999993674
State_Update,0.005914099999998257
State_Update,0.006209800000000598
State_Update,0.12072539999999776
State_Update,0.0027250000000051955
State_Update,0.003682999999995218
State_Update,0.004328600000000904
State_Update,0.10710209999999876
State_Update,0.0025268999999994435
State_Update,0.0021229999999974325
State_Update,0.0035181000000008567
State_Update,0.07991670000000539
State_Update,0.004849700000001178
State_Update,0.00236900000000162
State_Update,0.09402100000000502
State_Update,0.0038187999999976796
State_Update,0.004082499999995548
State_Update,0.11152709999999644
State_Update,0.0031517999999977064
State_Update,0.003601599999996097
State_Update,0.08949729999999789
State_Update,0.003975499999995691
State_Update,0.008791900000005626
State_Update,0.0028927999999979193
State_Update,0.11093159999999358
State_Update,0.002712899999998797
State_Update,0.0037080000000031532
State_Update,0.09043929999999989
State_Update,0.004407700000001569
State_Update,0.004550500000000568
State_Update,0.09262970000000337
State_Update,0.0013679999999993697
State_Update,0.0030888000000004467
State_Update,0.07278619999999592
State_Update,0.0035347999999970625
State_Update,0.0037190999999978658
State_Update,0.09555790000000286
State_Update,0.0017689000000018495
State_Update,0.0030869999999936226
State_Update,0.004225200000000484
State_Update,0.1382744999999943
State_Update,0.0031977000000011913
State_Update,0.10267679999999757
State_Update,0.0034016999999977315
State_Update,0.0024158000000014113
State_Update,0.07960339999999633
State_Update,0.002561100000001204
State_Update,0.004192500000002042
State_Update,0.08109870000000541
State_Update,0.004334900000003472
State_Update,0.0032092000000005783
State_Update,0.1189521999999954
State_Update,0.003028600000000381
State_Update,0.002401300000002493
State_Update,0.07118599999999731
State_Update,0.003828399999989074
State_Update,0.002467799999990916
State_Update,0.0038373000000007096
State_Update,0.0832460000000026
State_Update,0.0022768999999982498
State_Update,0.001455299999989279
State_Update,0.10385310000000914
State_Update,0.005298099999990313
State_Update,0.003465300000002003
State_Update,0.0025202000000064118
State_Update,0.11039440000000411
State_Update,0.002308200000001648
State_Update,0.003793299999998112
State_Update,0.10297370000000683
State_Update,0.002440000000007103
State_Update,0.002490900000012175
State_Update,0.003502399999987915
State_Update,0.0817014999999941
State_Update,0.0034141000000005306
State_Update,0.0023211999999972477
State_Update,0.0916751999999974
State_Update,0.0035879999999934853
State_Update,0.004176799999996206
State_Update,0.14754859999999326
State_Update,0.002337200000013695
State_Update,0.0031527999999951817
State_Update,0.11843439999999816
State_Update,0.0036242000000044072
State_Update,0.003192600000005541
State_Update,0.09769890000001169
State_Update,0.002426600000006829
State_Update,0.002626500000005194
State_Update,0.003337099999995985
State_Update,0.10275469999999132
State_Update,0.0044223000000016555
State_Update,0.004110099999991235
State_Update,0.07604999999999507
State_Update,0.00207489999999666
State_Update,0.0030661999999921363
State_Update,0.002267199999991476
State_Update,0.09025239999999712
State_Update,0.0021310999999997193
State_Update,0.005919000000005781
State_Update,0.00391810000000703
State_Update,0.0930701000000056
State_Update,0.0025552000000033104
State_Update,0.0030727999999982103
State_Update,0.15123779999998987
State_Update,0.006057299999994825
State_Update,0.0027607000000102744
State_Update,0.10088830000000826
State_Update,0.00352709999999945
State_Update,0.0016695999999996047
State_Update,0.10210809999999526
State_Update,0.0021025000000065575
State_Update,0.0035292000000026746
State_Update,0.06444700000000125
State_Update,0.0028879000000046062
State_Update,0.00436450000000832
State_Update,0.23035600000000045
State_Update,0.0015057999999896765
State_Update,0.0033238000000039847
State_Update,0.07137210000000493
State_Update,0.0022471999999993386
State_Update,0.004620599999995534
State_Update,0.07149339999999427
State_Update,0.0017303000000055135
State_Update,0.003912700000000768
State_Update,0.0821262000000047
State_Update,0.003839500000012208
State_Update,0.0037293999999974403
State_Update,0.08398610000000417
State_Update,0.001794000000003848
State_Update,0.0024098000000094544
State_Update,0.08623750000000996
State_Update,0.0026646000000027925
State_Update,0.0021090000000043574
State_Update,0.07038710000000492
State_Update,0.003149800000002756
State_Update,0.0013864999999952943
State_Update,0.08391479999998808
State_Update,0.0017814000000129226
State_Update,0.004584500000007097
State_Update,0.0812318999999917
State_Update,0.004646600000000944
State_Update,0.003013400000000388
State_Update,0.09728169999999636
State_Update,0.001904200000012679
State_Update,0.003106199999990622
State_Update,0.09418170000000714
State_Update,0.0026212000000072067
State_Update,0.0031115000000028203
State_Update,0.23388409999999737
State_Update,0.002269699999999375
State_Update,0.003000099999994177
State_Update,0.054865300000003
State_Update,0.004201000000009003
State_Update,0.0032388999999994894
State_Update,0.10343280000000732
State_Update,0.001700199999987717
State_Update,0.05012290000000519
State_Update,0.0017023999999992157
State_Update,0.00255180000000621
State_Update,0.08057979999999532
State_Update,0.003070100000002185
State_Update,0.004375999999993496
State_Update,0.0912778000000003
State_Update,0.002373899999994933
State_Update,0.002340399999994247
State_Update,0.07047540000000652
State_Update,0.0013303000000064458
State_Update,0.003617399999995996
State_Update,0.11579009999998391
State_Update,0.0022716999999943255
State_Update,0.0037614999999959764
State_Update,0.11522229999999922
State_Update,0.003494400000022324
State_Update,0.10247239999998214
State_Update,0.003060799999985875
State_Update,0.0028693000000146185
Initialization,3.284743500000001
Cone_loading_initial,0.09434470000000061
State_Update,0.003557900000000558
Initialization,2.833406899999998
Cone_loading_initial,0.17033830000000094
State_Update,0.0027599000000009255
State_Update,0.005399900000000457
State_Update,0.0023717999999988137
State_Update,0.0025556000000008794
State_Update,0.1292233999999972
State_Update,0.0017555000000015752
State_Update,0.0028810999999997478
State_Update,0.19432890000000214
State_Update,0.0067112999999991985
State_Update,0.1121452000000005
State_Update,0.002359800000000689
State_Update,0.004323599999999317
State_Update,0.06557670000000115
State_Update,0.0022255999999991616
State_Update,0.003267700000002094
State_Update,0.0027653000000000816
State_Update,0.09977739999999713
State_Update,0.004648300000003047
State_Update,0.002999800000001329
State_Update,0.002297799999997352
State_Update,0.26683690000000126
State_Update,0.003326299999997673
State_Update,0.13037289999999757
State_Update,0.0030391000000022927
State_Update,0.0024225000000015484
State_Update,0.0991894000000002
State_Update,0.002458199999999522
State_Update,0.0019733000000030643
State_Update,0.10878980000000382
State_Update,0.006588199999995936
State_Update,0.0027532999999948515
State_Update,0.09371620000000291
State_Update,0.004956800000002204
State_Update,0.005936300000001893
State_Update,0.10901220000000222
State_Update,0.002573300000001666
State_Update,0.004059599999997943
State_Update,0.08216730000000183
State_Update,0.0033583000000021457
State_Update,0.0031976000000000226
State_Update,0.06998800000000216
State_Update,0.002014000000002625
State_Update,0.0027795999999966625
State_Update,0.11372750000000309
State_Update,0.005169999999999675
State_Update,0.00697410000000076
State_Update,0.1034662999999938
State_Update,0.0026386999999985505
State_Update,0.005395699999994008
State_Update,0.10212840000000512
State_Update,0.003365600000002189
State_Update,0.002789800000002174
State_Update,0.08257849999999678
State_Update,0.003521100000000388
State_Update,0.0018142000000054281
State_Update,0.09132879999999943
State_Update,0.0035306999999988875
State_Update,0.003701100000000679
State_Update,0.10779759999999783
State_Update,0.003012699999999313
State_Update,0.003982899999996903
State_Update,0.09476020000000318
State_Update,0.0051832999999987805
State_Update,0.0015093000000021561
State_Update,0.09604880000000549
State_Update,0.0022688999999971315
State_Update,0.0024255000000010796
State_Update,0.13935349999999858
State_Update,0.00383589999999856
State_Update,0.09561509999999629
State_Update,0.0019850000000047885
State_Update,0.0023513000000008333
State_Update,0.001875200000000632
State_Update,0.09210769999999968
State_Update,0.0028186999999988416
State_Update,0.001834999999999809
State_Update,0.10327339999999907
State_Update,0.0024803000000019892
State_Update,0.0038725999999940086
State_Update,0.623585300000002
State_Update,0.003778600000003962
State_Update,0.08847090000000435
State_Update,0.004260700000003226
State_Update,0.002487400000006801
State_Update,0.004256500000010988
State_Update,0.09279880000001128
State_Update,0.0016719999999992297
State_Update,0.0031840999999985797
State_Update,0.0023290999999971973
State_Update,0.1010322000000059
State_Update,0.002497399999995764
State_Update,0.0022371000000021013
State_Update,0.07504600000000039
State_Update,0.002187599999999179
State_Update,0.0016320999999948071
State_Update,0.0038866000000012946
State_Update,0.11405290000000434
State_Update,0.0024160999999907062
State_Update,0.0022446000000115873
State_Update,0.07927860000000919
State_Update,0.002528699999999162
State_Update,0.0016372999999987314
State_Update,0.07815159999999821
State_Update,0.002471700000000965
State_Update,0.002015699999986964
State_Update,0.08749860000000353
State_Update,0.004440099999996505
State_Update,0.0034689999999955035
State_Update,0.08507369999999526
State_Update,0.002456199999997466
State_Update,0.002374200000005544
State_Update,0.10227199999999925
State_Update,0.002325599999991823
State_Update,0.0041413000000005695
State_Update,0.12245800000000884
State_Update,0.003468800000007377
State_Update,0.0021608999999926937
State_Update,0.08630790000000843
State_Update,0.0024864000000093256
State_Update,0.0017193999999989273
State_Update,0.052481900000003634
State_Update,0.0023456999999922346
State_Update,0.003108699999998521
State_Update,0.07289690000000348
State_Update,0.0017468000000064876
State_Update,0.00424329999999884
State_Update,0.1025595999999922
State_Update,0.0026134000000013202
State_Update,0.001951599999998166
State_Update,0.05296869999999387
State_Update,0.003490100000007601
State_Update,0.0023326000000025715
State_Update,0.002129300000007106
State_Update,0.07317869999999971
State_Update,0.012656700000007959
State_Update,0.002304199999997536
State_Update,0.0023594999999971833
State_Update,0.09007860000001244
State_Update,0.0023984000000041306
State_Update,0.0032645000000002256
State_Update,0.06446019999999919
State_Update,0.003633799999988696
State_Update,0.002416800000005992
State_Update,0.06719760000000008
State_Update,0.0023457000000064454
State_Update,0.004293700000005174
State_Update,0.07882229999999879
State_Update,0.0029705000000035398
State_Update,0.0023565999999988207
State_Update,0.09782730000000583
State_Update,0.004562599999999861
State_Update,0.0024551999999999907
State_Update,0.061413500000000454
State_Update,0.005146499999995058
State_Update,0.00227040000000045
State_Update,0.10024019999998757
State_Update,0.003017499999998563
State_Update,0.003345500000008883
State_Update,0.08418880000000684
State_Update,0.002770100000006437
State_Update,0.0021602000000058297
State_Update,0.09888219999999137
State_Update,0.0067930999999958885
State_Update,0.002418399999996268
State_Update,0.08249999999999602
State_Update,0.002751899999992702
State_Update,0.004129100000000108
State_Update,0.08509010000000217
State_Update,0.0027745000000010123
State_Update,0.0023595999999912465
State_Update,0.07584840000001236
State_Update,0.002036399999994387
State_Update,0.0014821000000040385
State_Update,0.11735370000000955
State_Update,0.003349400000004721
State_Update,0.0031864000000041415
State_Update,0.08664170000000126
State_Update,0.002679700000001617
State_Update,0.0025083000000023503
State_Update,0.08850720000000933
State_Update,0.003292100000010123
State_Update,0.0027139000000033775
State_Update,0.0025424000000100477
State_Update,0.10154040000000464
State_Update,0.0045135000000016134
State_Update,0.002316500000006272
State_Update,0.07639639999999304
State_Update,0.0023491999999976088
State_Update,0.0035527999999942494
State_Update,0.0030084000000130118
State_Update,0.08183299999998894
State_Update,0.003177800000003117
State_Update,0.0031719999999779702
State_Update,0.09254660000001991
State_Update,0.0029919000000120377
State_Update,0.0024556999999845175
State_Update,0.10940489999998704
State_Update,0.0025989000000095075
State_Update,0.0022233999999912157
State_Update,0.09468259999999873
Initialization,2.0853712999999985
Cone_loading_initial,0.07950680000000077
State_Update,0.0024286999999993952
State_Update,0.001933999999998548
State_Update,0.10094879999999762
State_Update,0.001922799999999114
State_Update,0.0019716000000009615
State_Update,0.12700069999999997
State_Update,0.004347999999996688
State_Update,0.003982899999996903
State_Update,0.2187330000000003
State_Update,0.002414900000001552
State_Update,0.03151030000000077
State_Update,0.0029034999999986155
State_Update,0.0028839999999981103
State_Update,0.0029868000000021766
State_Update,0.1545640000000006
State_Update,0.0033962999999985755
State_Update,0.0026021999999983336
State_Update,0.07975910000000042
State_Update,0.003905499999998341
State_Update,0.0034476999999988323
State_Update,0.0025742000000015253
State_Update,0.088993600000002
State_Update,0.0029922000000013327
State_Update,0.0020550999999997543
State_Update,0.07139049999999969
State_Update,0.0027687999999983504
State_Update,0.08741059999999834
State_Update,0.0051554000000066935
State_Update,0.002296599999993987
State_Update,0.07110379999999594
State_Update,0.002688299999995536
State_Update,0.0024289999999993483
State_Update,0.1045008999999979
State_Update,0.001969000000002552
State_Update,0.004010300000004463
State_Update,0.003472399999999709
State_Update,0.06390489999999716
State_Update,0.0034324000000012234
State_Update,0.0027525999999937767
State_Update,0.0032822999999950753
State_Update,0.2127896000000007
State_Update,0.003688700000004985
State_Update,0.002301599999995574
State_Update,0.10206750000000397
State_Update,0.0025508000000016295
State_Update,0.0037410999999991645
State_Update,0.10127479999999878
State_Update,0.0014618000000012898
State_Update,0.003376199999998164
State_Update,0.07309759999999699
State_Update,0.00422169999999511
State_Update,0.0037761999999972318
State_Update,0.044017799999998886
State_Update,0.0020725000000041405
State_Update,0.001534700000000555
State_Update,0.10250459999999606
State_Update,0.002514599999997813
State_Update,0.0022688000000030684
State_Update,0.0033184999999988918
State_Update,0.0953335000000024
State_Update,0.002820999999997298
State_Update,0.003220400000003565
State_Update,0.09247760000000227
State_Update,0.004724600000002965
State_Update,0.0034120000000044115
State_Update,0.13953019999999583
State_Update,0.001584399999998709
State_Update,0.0021327999999982694
State_Update,0.0907266999999976
State_Update,0.002385199999999088
State_Update,0.002693999999998198
State_Update,0.12357210000000407
State_Update,0.004542899999997019
State_Update,0.003425300000003517
State_Update,0.08844839999999721
State_Update,0.003361900000001583
State_Update,0.002796599999996374
State_Update,0.09476449999999659
State_Update,0.002364400000004707
State_Update,0.006410100000010743
State_Update,0.190005400000004
State_Update,0.0029900999999910027
State_Update,0.002461300000007327
State_Update,0.15186710000000403
State_Update,0.00928869999999904
State_Update,0.1604868999999951
State_Update,0.0037452000000115504
State_Update,0.1506848000000076
State_Update,0.007396200000002295
State_Update,0.13220870000000673
State_Update,0.004637400000007119
State_Update,0.10974910000000193
State_Update,0.0036391000000008944
State_Update,0.004716300000012552
State_Update,0.13017469999999776
State_Update,0.0037006000000019412
State_Update,0.002533400000004349
State_Update,0.08574000000000126
State_Update,0.0035386999999929003
State_Update,0.003590400000007321
State_Update,0.09601359999999204
State_Update,0.0021572999999932563
State_Update,0.005387400000003595
State_Update,0.10194989999999393
State_Update,0.002881000000002132
State_Update,0.0027909999999877755
State_Update,0.10684969999999794
State_Update,0.0037738999999987755
State_Update,0.0030121000000065123
State_Update,0.10831090000000643
State_Update,0.0024598999999909665
State_Update,0.003020000000006462
State_Update,0.0410901999999993
State_Update,0.00407520000000261
State_Update,0.005392999999997983
State_Update,0.09368809999999428
State_Update,0.003059600000000273
State_Update,0.08513320000000135
State_Update,0.0026326000000125305
State_Update,0.0040582999999969616
State_Update,0.09202729999999804
State_Update,0.0027639000000050373
State_Update,0.003680599999995593
State_Update,0.16780639999998925
State_Update,0.002704600000001278
State_Update,0.0022877000000107728
State_Update,0.08326259999999763
State_Update,0.0025857999999914227
State_Update,0.002157900000000268
State_Update,0.0022284000000070137
State_Update,0.1053706999999946
State_Update,0.004047999999997387
State_Update,0.0035553999999962116
State_Update,0.10372529999999358
State_Update,0.002624799999992433
State_Update,0.002876299999996945
State_Update,0.10521959999999808
State_Update,0.0029798999999997022
State_Update,0.002458799999999428
State_Update,0.10358770000000561
State_Update,0.0030771999999927857
State_Update,0.0031455000000022437
State_Update,0.1269326000000035
State_Update,0.0055784999999985985
State_Update,0.004612400000013395
State_Update,0.0031740000000013424
State_Update,0.1796880999999928
State_Update,0.005008099999997739
State_Update,0.11224639999998942
State_Update,0.0036974999999870306
State_Update,0.0977991999999972
State_Update,0.0049335000000070295
State_Update,0.0028666999999984455
State_Update,0.10114680000000931
State_Update,0.0036003999999962844
State_Update,0.002878800000004844
State_Update,0.11261319999999841
State_Update,0.0033394000000015467
State_Update,0.003190000000003579
State_Update,0.10081200000000479
State_Update,0.0025489000000078477
State_Update,0.003692799999996055
State_Update,0.11925569999999652
State_Update,0.003050400000006448
State_Update,0.0029684000000003152
State_Update,0.09155259999999998
State_Update,0.004651400000000194
State_Update,0.09378759999998465
State_Update,0.0021790000000123655
State_Update,0.0022490000000061627
State_Update,0.14002600000000598
State_Update,0.004238700000001927
State_Update,0.004327899999992724
State_Update,0.10709710000000427
State_Update,0.0020374000000060732
State_Update,0.006168000000002394
State_Update,0.13690979999998376
State_Update,0.002079799999989973
State_Update,0.0033510000000092077
State_Update,0.0605132000000026
State_Update,0.004983000000009952
State_Update,0.002384000000006381
State_Update,0.08043820000000323
State_Update,0.003113700000000108
State_Update,0.002886100000011993
State_Update,0.0960683000000131
State_Update,0.0022545999999863398
State_Update,0.12188960000000293
State_Update,0.0023369000000172946
State_Update,0.0017648000000178854
State_Update,0.08352539999998498
State_Update,0.0024481999999750315
State_Update,0.002624800000006644
State_Update,0.05907740000000672
State_Update,0.0023319000000014967
State_Update,0.0026454999999998563
State_Update,0.08158860000000345
State_Update,0.0034287000000006174
State_Update,0.0023422999999809235
State_Update,0.08873249999999189
Initialization,2.648063599999997
Cone_loading_initial,0.09730180000000033
State_Update,0.004859200000002062
State_Update,0.0024988999999990824
State_Update,0.15478960000000086
State_Update,0.0030720000000030723
State_Update,0.003911800000000909
State_Update,0.28447200000000095
State_Update,0.0031858999999982984
State_Update,0.0021371000000023344
State_Update,0.09317320000000251
State_Update,0.0023714000000012447
State_Update,0.007246899999998391
State_Update,0.12399630000000172
State_Update,0.005177100000000934
State_Update,0.0035221000000014158
State_Update,0.0033242000000015537
State_Update,0.07689659999999776
State_Update,0.0020699000000021783
State_Update,0.00141179999999963
State_Update,0.002598700000000065
State_Update,0.11583050000000128
State_Update,0.0028924000000003502
State_Update,0.002958399999997141
State_Update,0.07777329999999694
State_Update,0.001812000000001035
State_Update,0.0037120000000001596
State_Update,0.08689379999999858
State_Update,0.0018811999999996942
State_Update,0.003773999999999944
State_Update,0.11669210000000163
State_Update,0.002181299999996611
State_Update,0.003580800000001716
State_Update,0.07642299999999835
State_Update,0.001461100000000215
State_Update,0.0024202999999971553
State_Update,0.10190009999999461
State_Update,0.00371059999999801
State_Update,0.0033841999999992822
State_Update,0.09734040000000022
State_Update,0.0025120999999970195
State_Update,0.002568300000000079
State_Update,0.11999959999999987
State_Update,0.003225499999999215
State_Update,0.0029888000000042325
State_Update,0.10159289999999999
State_Update,0.003501400000004651
State_Update,0.0017238000000006082
State_Update,0.16188340000000068
State_Update,0.003620300000001464
State_Update,0.0034919999999942775
State_Update,0.08409520000000015
State_Update,0.0013732999999973572
State_Update,0.0031423000000003753
State_Update,0.08415099999999853
State_Update,0.002372000000001151
State_Update,0.0027789999999967563
State_Update,0.0020000000000024443
State_Update,0.27187209999999595
State_Update,0.0034621000000001345
State_Update,0.002303799999999967
State_Update,0.07019090000000006
State_Update,0.002449499999997329
State_Update,0.002984300000001383
State_Update,0.15839379999999892
State_Update,0.0027903000000009115
State_Update,0.003722800000005577
State_Update,0.10003590000000173
State_Update,0.003986000000004708
State_Update,0.00390780000000035
State_Update,0.10140270000000129
State_Update,0.0027037999999990348
State_Update,0.0026839000000009605
State_Update,0.05319479999999999
State_Update,0.0025681999999989102
State_Update,0.007016800000002377
State_Update,0.012109399999999937
State_Update,0.14177750000000344
State_Update,0.002409499999998843
State_Update,0.0033477000000061707
State_Update,0.14436469999999701
State_Update,0.0053047999999904505
State_Update,0.004331499999992161
State_Update,0.0021040000000027703
State_Update,0.09655260000000965
State_Update,0.0027424999999965394
State_Update,0.0034593000000029406
State_Update,0.08610489999999515
State_Update,0.0033975999999995565
State_Update,0.006078000000002248
State_Update,0.1504627000000056
State_Update,0.005268399999991402
State_Update,0.007821900000010373
State_Update,0.3098865999999987
State_Update,0.015583100000000627
State_Update,0.1576835999999986
State_Update,0.00411220000000867
State_Update,0.003126800000003982
State_Update,0.08780780000000732
State_Update,0.00267809999999713
State_Update,0.0024829999999980146
State_Update,0.11028090000000645
State_Update,0.0030550000000033606
State_Update,0.0038468999999992093
State_Update,0.08459860000000674
State_Update,0.003795599999989463
State_Update,0.0026594999999929314
State_Update,0.06943800000000522
State_Update,0.0050672999999932244
State_Update,0.0025097000000045
State_Update,0.050848600000009014
State_Update,0.004625699999991184
State_Update,0.0031525999999928445
State_Update,0.0677398999999923
State_Update,0.005193600000012566
State_Update,0.003875499999992371
State_Update,0.0049391999999954805
State_Update,0.07496490000001188
State_Update,0.002189299999997729
State_Update,0.003714600000009227
State_Update,0.06797840000000122
State_Update,0.003241100000010988
State_Update,0.0017778000000134853
State_Update,0.0630243999999891
State_Update,0.0038757999999887716
State_Update,0.003662499999990132
State_Update,0.12730810000000758
State_Update,0.0021770999999972673
State_Update,0.00432270000000301
State_Update,0.0020195000000029495
State_Update,0.05936079999999322
State_Update,0.0025701999999938607
State_Update,0.0033575000000070077
State_Update,0.0028035999999929118
State_Update,0.06755670000001146
State_Update,0.0036532000000022435
State_Update,0.0034897999999969898
State_Update,0.10731160000000273
State_Update,0.0024269000000032293
State_Update,0.002305200000009222
State_Update,0.060080599999992046
State_Update,0.0025561000000067224
State_Update,0.003543300000004024
State_Update,0.10397659999999576
State_Update,0.0026656000000002678
State_Update,0.0024099999999975807
State_Update,0.09543890000000488
State_Update,0.002799100000004273
State_Update,0.002695400000007453
State_Update,0.0024499999999960664
State_Update,0.18806050000000596
State_Update,0.003929299999995806
State_Update,0.12782740000000103
State_Update,0.0031376999999963573
State_Update,0.0032166000000017902
State_Update,0.19702570000001174
State_Update,0.002707700000001978
State_Update,0.003249500000009675
State_Update,0.07066209999999273
State_Update,0.003355200000001446
State_Update,0.002083799999994085
State_Update,0.13847110000000384
State_Update,0.0023793000000011943
State_Update,0.09695529999999053
State_Update,0.0076741000000026816
State_Update,0.12465600000000165
State_Update,0.002769200000003025
State_Update,0.003137399999999957
State_Update,0.16376279999998644
State_Update,0.004896200000004569
State_Update,0.00307589999999891
State_Update,0.09435189999999238
State_Update,0.005000800000004801
State_Update,0.04161790000000565
State_Update,0.2276171999999974
State_Update,0.00583280000000741
State_Update,0.3850695000000144
State_Update,0.020687000000009448
State_Update,0.17516030000001592
State_Update,0.007853799999992361
State_Update,0.16404179999997837
State_Update,0.004562999999990325
State_Update,0.0049645999999938795
State_Update,0.14725989999999456
State_Update,0.003943800000001829
State_Update,0.004462500000016689
State_Update,0.1291197999999838
State_Update,0.004187500000000455
State_Update,0.17325859999999693
State_Update,0.00832160000001636
State_Update,0.0060997000000213575
State_Update,0.14673059999998372
State_Update,0.005832799999978988
State_Update,0.005354999999980237
State_Update,0.1419396000000006
State_Update,0.006560199999995575
State_Update,0.007293000000004213
State_Update,0.12370909999998503
State_Update,0.004788399999995363
State_Update,0.004671800000011217
State_Update,0.003970700000024863
State_Update,0.17048859999999877
Initialization,2.0505403000000015
Cone_loading_initial,0.07504869999999997
State_Update,0.0028538000000004615
State_Update,0.0032053000000011878
State_Update,0.15078739999999868
State_Update,0.003110900000002914
State_Update,0.0032473999999993453
State_Update,0.30814690000000056
State_Update,0.002467299999999284
State_Update,0.0017010000000006187
State_Update,0.25096960000000124
State_Update,0.0025441999999991083
State_Update,0.0027916999999995085
State_Update,0.09376609999999985
State_Update,0.0016551000000006866
State_Update,0.00441290000000194
State_Update,0.0033709000000001765
State_Update,0.13706249999999898
State_Update,0.004598200000000219
State_Update,0.10068610000000078
State_Update,0.0031485999999993908
State_Update,0.0026983999999998787
State_Update,0.09972599999999687
State_Update,0.004094200000004378
State_Update,0.002486900000000958
State_Update,0.10192289999999815
State_Update,0.002270099999996944
State_Update,0.004377399999995646
State_Update,0.14184459999999888
State_Update,0.0022313999999994394
State_Update,0.004436600000005342
State_Update,0.11947749999999502
State_Update,0.0022607000000007815
State_Update,0.002585199999998622
State_Update,0.11037379999999786
State_Update,0.0038246999999955733
State_Update,0.0027098999999992657
State_Update,0.09107979999999571
State_Update,0.0024310999999954674
State_Update,0.0015841999999963718
State_Update,0.004381399999999758
State_Update,0.15535520000000247
State_Update,0.0024258999999986486
State_Update,0.0025830000000013342
State_Update,0.07911049999999875
State_Update,0.0027743999999998437
State_Update,0.0022145000000008963
State_Update,0.002634899999996776
State_Update,0.08625169999999827
State_Update,0.0033631000000013955
State_Update,0.0017025000000003843
State_Update,0.10680650000000469
State_Update,0.003253100000002007
State_Update,0.002660400000003449
State_Update,0.08598729999999932
State_Update,0.0017797999999942249
State_Update,0.0034967999999935273
State_Update,0.1040182999999999
State_Update,0.0014383000000037782
State_Update,0.003622700000001089
State_Update,0.1090732999999986
State_Update,0.001785199999993381
State_Update,0.0025587999999956423
State_Update,0.003059799999995505
State_Update,0.08610369999999534
State_Update,0.0020625000000009663
State_Update,0.001392899999999031
State_Update,0.1903055000000009
State_Update,0.0019764999999978272
State_Update,0.0023039000000011356
State_Update,0.09599160000000495
State_Update,0.0030906999999942286
State_Update,0.004120299999996746
State_Update,0.13308279999999684
State_Update,0.003913900000000581
State_Update,0.0025504000000040605
State_Update,0.12530070000000393
State_Update,0.002764100000000269
State_Update,0.0031996000000020786
State_Update,0.14801330000000235
State_Update,0.0024632000000082144
State_Update,0.0025593999999955486
State_Update,0.12042790000000991
State_Update,0.0022364999999950896
State_Update,0.0036383000000057564
State_Update,0.1034343999999976
State_Update,0.0023986000000064678
State_Update,0.0023127000000044973
State_Update,0.09626009999999496
State_Update,0.0022735000000011496
State_Update,0.005274299999996401
State_Update,0.10896129999999005
State_Update,0.0027197999999941658
State_Update,0.002464599999996153
State_Update,0.08625090000001023
State_Update,0.002503899999993564
State_Update,0.004389799999998445
State_Update,0.0994458999999921
State_Update,0.003464500000006865
State_Update,0.0022775000000052614
State_Update,0.0021460000000104174
State_Update,0.0784904999999867
State_Update,0.0012581999999952131
State_Update,0.0030151999999930013
State_Update,0.10429830000001061
State_Update,0.003624799999997208
State_Update,0.0029399000000012165
State_Update,0.07492859999999268
State_Update,0.0030679999999989604
State_Update,0.003982899999996903
State_Update,0.10162440000000572
State_Update,0.0023015000000015107
State_Update,0.0030679999999989604
State_Update,0.059413800000001515
State_Update,0.003542800000005286
State_Update,0.0036393000000032316
State_Update,0.11463619999999253
State_Update,0.002992800000001239
State_Update,0.0036361000000084687
State_Update,0.11686459999999954
State_Update,0.003370699999990734
State_Update,0.003225299999996878
State_Update,0.11287269999999694
State_Update,0.0032415000000014516
State_Update,0.007336800000004473
State_Update,0.0021780000000006794
State_Update,0.07917659999999671
State_Update,0.0021079999999926713
State_Update,0.0025356999999956997
State_Update,0.10336510000000487
State_Update,0.003100599999996234
State_Update,0.0030559000000067726
State_Update,0.09753349999999728
State_Update,0.0028281000000021095
State_Update,0.0028570000000058826
State_Update,0.06802259999999194
State_Update,0.0027952000000084354
State_Update,0.004251699999997527
State_Update,0.09789159999999697
State_Update,0.002615800000000945
State_Update,0.0023523999999923717
State_Update,0.09309430000000418
State_Update,0.001474999999999227
State_Update,0.003596099999995772
State_Update,0.08360910000000388
State_Update,0.003071800000000735
State_Update,0.001875299999994695
State_Update,0.10928169999999682
State_Update,0.001831800000005046
State_Update,0.004058200000002898
State_Update,0.11397639999999853
State_Update,0.0031705999999900314
State_Update,0.00373729999999739
State_Update,0.11318219999999712
State_Update,0.0033582000000080825
State_Update,0.002053800000012984
State_Update,0.08161839999999643
State_Update,0.002277200000008861
State_Update,0.0031402999999983194
State_Update,0.10546060000000068
State_Update,0.0015873999999911348
State_Update,0.002803900000003523
State_Update,0.002205599999996366
State_Update,0.07188480000000652
State_Update,0.0023045999999879996
State_Update,0.0026087000000103444
State_Update,0.0032750999999962005
State_Update,0.08407910000001095
State_Update,0.002816999999993186
State_Update,0.002364099999994096
State_Update,0.003623099999998658
State_Update,0.11580390000000307
State_Update,0.0031321999999960326
State_Update,0.002378199999995445
State_Update,0.11432200000000137
State_Update,0.0027647000000001754
State_Update,0.002250099999997701
State_Update,0.08519090000000062
State_Update,0.0033943999999905827
State_Update,0.002586900000011383
State_Update,0.08764639999999702
State_Update,0.0019856999999916525
State_Update,0.002141600000001631
State_Update,0.08679840000000638
State_Update,0.001272900000003574
State_Update,0.002072600000005309
State_Update,0.09815809999999203
State_Update,0.0024837999999931526
State_Update,0.0023122000000057596
State_Update,0.08735380000000248
State_Update,0.0036463999999938324
State_Update,0.002918900000011604
State_Update,0.09322609999999543
State_Update,0.003806499999996049
State_Update,0.0014147999999920557
State_Update,0.09296510000000069
State_Update,0.002417900000011741
State_Update,0.0032644000000061624
State_Update,0.08967580000000908
State_Update,0.0030687000000000353
State_Update,0.003121800000002395
State_Update,0.09720970000000762
control_loop,185.71486249999998
Initialization,2.7641135000000006
Cone_loading_initial,0.1343172999999993
State_Update,0.012330000000002173
State_Update,0.004379500000002423
State_Update,0.31538809999999984
State_Update,0.0034441999999970108
State_Update,0.008037000000001626
State_Update,0.1420400000000015
State_Update,0.006156799999999407
State_Update,0.006456000000000017
State_Update,0.15018789999999882
State_Update,0.00393670000000057
State_Update,0.009788300000000305
State_Update,0.17764480000000304
State_Update,0.003909300000003668
State_Update,0.0031182999999970207
State_Update,0.0034232000000002927
State_Update,0.10924140000000193
State_Update,0.003204500000002497
State_Update,0.0026008999999973526
State_Update,0.03729860000000684
State_Update,0.108054800000005
State_Update,0.002962799999998822
State_Update,0.0027031999999991285
State_Update,0.11747869999999949
State_Update,0.0030858999999949788
State_Update,0.004057199999998318
State_Update,0.004181499999994287
State_Update,0.07582320000000209
State_Update,0.0016370999999963942
State_Update,0.00158230000000259
State_Update,0.0026420000000015875
State_Update,0.17530010000000118
State_Update,0.0035499000000029923
State_Update,0.0032574000000025194
State_Update,0.10594090000000023
State_Update,0.003925999999999874
State_Update,0.003182499999994093
State_Update,0.12539999999999907
State_Update,0.0030581999999981235
State_Update,0.004391599999998164
State_Update,0.08742939999999777
State_Update,0.00328609999999685
State_Update,0.0032090999999994096
State_Update,0.107191499999999
State_Update,0.0022412999999943395
State_Update,0.003170199999999568
State_Update,0.12807910000000078
State_Update,0.003914600000001656
State_Update,0.001619700000006219
State_Update,0.10638020000000381
State_Update,0.0031087999999996896
State_Update,0.003031599999999912
State_Update,0.10427709999999735
State_Update,0.003730000000004452
State_Update,0.004277399999999432
State_Update,0.07927000000000106
State_Update,0.002354400000001533
State_Update,0.0033485000000013088
State_Update,0.12301810000000302
State_Update,0.003370200000006207
State_Update,0.0028047999999998297
State_Update,0.07836439999999811
State_Update,0.004047500000005755
State_Update,0.003491600000003814
State_Update,0.15263439999999662
State_Update,0.0036056000000002086
State_Update,0.0025954999999981965
State_Update,0.11423260000000113
State_Update,0.0014635999999939031
State_Update,0.0035985999999965657
State_Update,0.09536650000000435
State_Update,0.0026745999999988612
State_Update,0.003892800000002694
State_Update,0.08888249999999687
State_Update,0.003955599999997617
State_Update,0.001763500000009799
State_Update,0.10752920000000188
State_Update,0.0036885000000097534
State_Update,0.002788099999989413
State_Update,0.0017201000000000022
State_Update,0.09324669999999458
State_Update,0.0021890000000013288
State_Update,0.0028149000000041724
State_Update,0.1038690000000031
State_Update,0.0014071999999885065
State_Update,0.003918299999995156
State_Update,0.11037910000000295
State_Update,0.0038024999999919373
State_Update,0.002129100000004769
State_Update,0.0038667999999972835
State_Update,0.1052976000000001
State_Update,0.0039613000000002785
State_Update,0.0024441999999993413
State_Update,0.08570399999999267
State_Update,0.004234400000001415
State_Update,0.1993343999999979
State_Update,0.003129899999990471
State_Update,0.10843069999999955
State_Update,0.004767000000001076
State_Update,0.0028549999999967213
State_Update,0.003025100000002112
State_Update,0.08568110000000217
State_Update,0.0031741000000096165
State_Update,0.002866999999994846
State_Update,0.08443680000000597
State_Update,0.004356500000000096
State_Update,0.004103700000001709
State_Update,0.10696480000000008
State_Update,0.005314400000003161
State_Update,0.004095100000000684
State_Update,0.10550090000000978
State_Update,0.003708399999993617
State_Update,0.0031098999999983334
State_Update,0.0980811000000017
State_Update,0.003907400000002781
State_Update,0.003722800000005577
State_Update,0.09242450000000701
State_Update,0.002814499999999498
State_Update,0.0013911000000064178
State_Update,0.09190639999999917
State_Update,0.0023308000000099582
State_Update,0.0031296000000082813
State_Update,0.12098589999999376
State_Update,0.002967999999995641
State_Update,0.0028739999999913834
State_Update,0.09854710000000466
State_Update,0.002865600000006907
State_Update,0.002526000000003137
State_Update,0.13316340000000082
State_Update,0.003932299999988231
State_Update,0.0037744999999915763
State_Update,0.1442751999999956
State_Update,0.002323000000004072
State_Update,0.0037976999999926875
State_Update,0.003373500000009244
State_Update,0.08893140000000699
State_Update,0.0021459000000021433
State_Update,0.005222799999998529
State_Update,0.16287260000000003
State_Update,0.0032021000000099775
State_Update,0.004344399999993698
State_Update,0.13882860000001074
State_Update,0.005009099999995215
State_Update,0.0038997999999992317
State_Update,0.11002080000000092
State_Update,0.005318000000002598
State_Update,0.09563539999999193
State_Update,0.0035669000000098094
State_Update,0.0029765999999966652
State_Update,0.10015020000000163
State_Update,0.002180300000006241
State_Update,0.005310500000007323
State_Update,0.15413139999999714
State_Update,0.0025667999999967606
State_Update,0.004032300000005762
State_Update,0.07820420000000183
State_Update,0.002871999999996433
State_Update,0.003074900000001435
State_Update,0.106475599999996
State_Update,0.0029231999999979053
State_Update,0.004267499999997426
State_Update,0.13735319999999263
State_Update,0.004132499999997208
State_Update,0.0026590000000084046
State_Update,0.09841029999999762
State_Update,0.004890099999997233
State_Update,0.002736400000003414
State_Update,0.08624689999999191
State_Update,0.003257599999997751
State_Update,0.003385499999993158
State_Update,0.003032300000000987
State_Update,0.05807819999999708
State_Update,0.0032585000000011632
State_Update,0.0021944000000075903
State_Update,0.08969429999999079
State_Update,0.003669199999990269
State_Update,0.0013782999999989443
State_Update,0.11549980000000915
State_Update,0.00508750000000191
State_Update,0.00441280000001143
State_Update,0.10965699999999856
State_Update,0.004185500000005504
State_Update,0.08560649999998304
State_Update,0.0042611000000079
State_Update,0.00414979999999332
State_Update,0.11665810000002352
State_Update,0.008664199999998345
State_Update,0.0031558999999958814
State_Update,0.1287138000000141
State_Update,0.0034180000000105792
State_Update,0.002912199999997256
State_Update,0.1168768
State_Update,0.0035905000000013843
State_Update,0.00387039999998251
State_Update,0.06169959999999719
State_Update,0.004002600000006851
State_Update,0.0031869999999969423
State_Update,0.00391950000002339
State_Update,0.06288449999999557
State_Update,0.003765299999997751
State_Update,0.0021342999999944823
control_loop,282.6709512
